standard_industry,Computers_and_peripheral_equipment,Communication_equipment,Nonelectronic_medical_instruments,Electronic_medical_instruments,Nonmedical_instruments,Photocopy_and_related_equipment,Office_and_accounting_equipment,Nuclear_fuel,Other_fabricated_metal_products,Steam_engines,Internal_combustion_engines,Metalworking_machinery,Special_industrial_machinery,General_industrial_equipment,Electric_transmission_distribution_and_industrial_apparatus,Light_trucks_(including_utility_vehicles),Other_trucks_buses_and_truck_trailers,Autos,Aircraft,Ships_and_boats,Railroad_equipment,Household_furniture,Other_furniture_and_fixtures,Other_agricultural_machinery,Farm_tractors,Other_construction_machinery,Construction_tractors,Mining_and_oilfield_machinery,Service_industry_machinery,Household_appliances,Other_electrical_equipment,Other_nonresidential_equipment,Office_and_medical_buildings,Hospitals_and_special_care_facilities,Warehouses,Mobile_structures,Other_commercial_buildings,Manufacturing_buildings,Electric_power_structures,Wind_and_solar_power_structures,Gas_power_structures,Petroleum_pipelines,Communication_structures,Depreciable_petroleum_and_natural_gas_structures,Depreciable_mining_structures,Religious_buildings,Educational_and_vocational_buildings,Lodging_buildings,Amusement_and_recreation_buildings,Track_replacement,Other_railroad_structures,Other_transportation_structures,Farm_buildings,Water_supply_and_sewer_and_waste_disposal_facilities,Public_safety_highways_conservation_and_development,Prepackaged_software,Custom_software,Own_account_software,Research_and_development,Theatrical_movies,Long_lived_television_programs,Books,Music,Other_entertainment_originals,Residential_equipment,Residential_buildings
Farms,0.1627,0.1627,0.1627,0.1627,0.1627,0.1627,0.1627,0.1627,0.1627,0.1627,0.1627,0.1627,0.1627,0.1627,0.1627,0.1627,0.1627,0.1627,0.1627,0.1627,0.1627,0.1627,0.1627,0.1627,0.1627,0.1627,0.1627,0.1627,0.1627,0.1627,0.1627,0.1627,0.1627,0.1627,0.1627,0.1627,0.1627,0.1627,0.1627,0.1627,0.1627,0.1627,0.1627,0.1627,0.1627,0.1627,0.1627,0.1627,0.1627,0.1627,0.1627,0.1627,0.1627,0.1627,0.1627,0,0,0,0,0,0,0,0,0,0.1627,0.1627
"Forestry,_Fishing,_and_Related_Activites",0.2223,0.2223,0.2223,0.2223,0.2223,0.2223,0.2223,0.2223,0.2223,0.2223,0.2223,0.2223,0.2223,0.2223,0.2223,0.2223,0.2223,0.2223,0.2223,0.2223,0.2223,0.2223,0.2223,0.2223,0.2223,0.2223,0.2223,0.2223,0.2223,0.2223,0.2223,0.2223,0.2223,0.2223,0.2223,0.2223,0.2223,0.2223,0.2223,0.2223,0.2223,0.2223,0.2223,0.2223,0.2223,0.2223,0.2223,0.2223,0.2223,0.2223,0.2223,0.2223,0.2223,0.2223,0.2223,0.3754,0.3754,0,0,0.3754,0.3754,0.3754,0.3754,0.3754,0.2223,0.2223
Oil_and_Gas_Extraction,0.9144,0.9144,0.9144,0.9144,0.9144,0.9144,0.9144,0.9144,0.9144,0.9144,0.9144,0.9144,0.9144,0.9144,0.9144,0.9144,0.9144,0.9144,0.9144,0.9144,0.9144,0.9144,0.9144,0.9144,0.9144,0.9144,0.9144,0.9144,0.9144,0.9144,0.9144,0.9144,0.9144,0.9144,0.9144,0.9144,0.9144,0.9144,0.9144,0.9144,0.9144,0.9144,0.9144,0.9144,0.9144,0.9144,0.9144,0.9144,0.9144,0.9144,0.9144,0.9144,0.9144,0.9144,0.9144,0.9421,0.9421,0.9306,0.9306,0.9421,0.9421,0.9421,0.9421,0.9421,0.9144,0.9144
Mining_(Except_Oil_and_Gas),0.8627,0.8627,0.8627,0.8627,0.8627,0.8627,0.8627,0.8627,0.8627,0.8627,0.8627,0.8627,0.8627,0.8627,0.8627,0.8627,0.8627,0.8627,0.8627,0.8627,0.8627,0.8627,0.8627,0.8627,0.8627,0.8627,0.8627,0.8627,0.8627,0.8627,0.8627,0.8627,0.8627,0.8627,0.8627,0.8627,0.8627,0.8627,0.8627,0.8627,0.8627,0.8627,0.8627,0.8627,0.8627,0.8627,0.8627,0.8627,0.8627,0.8627,0.8627,0.8627,0.8627,0.8627,0.8627,0.8718,0.8718,0.8641,0.8641,0.8718,0.8718,0.8718,0.8718,0.8718,0.8627,0.8627
Support_Activities_For_Mining,0.8216,0.8216,0.8216,0.8216,0.8216,0.8216,0.8216,0.8216,0.8216,0.8216,0.8216,0.8216,0.8216,0.8216,0.8216,0.8216,0.8216,0.8216,0.8216,0.8216,0.8216,0.8216,0.8216,0.8216,0.8216,0.8216,0.8216,0.8216,0.8216,0.8216,0.8216,0.8216,0.8216,0.8216,0.8216,0.8216,0.8216,0.8216,0.8216,0.8216,0.8216,0.8216,0.8216,0.8216,0.8216,0.8216,0.8216,0.8216,0.8216,0.8216,0.8216,0.8216,0.8216,0.8216,0.8216,0.813,0.813,0.8118,0.8118,0.813,0.813,0.813,0.813,0.813,0.8216,0.8216
Electric_Power,0.7494,0.7494,0.7494,0.7494,0.7494,0.7494,0.7494,0.7494,0.7494,0.7494,0.7494,0.7494,0.7494,0.7494,0.7494,0.7494,0.7494,0.7494,0.7494,0.7494,0.7494,0.7494,0.7494,0.7494,0.7494,0.7494,0.7494,0.7494,0.7494,0.7494,0.7494,0.7494,0.7494,0.7494,0.7494,0.7494,0.7494,0.7494,0.7494,0.7494,0.7494,0.7494,0.7494,0.7494,0.7494,0.7494,0.7494,0.7494,0.7494,0.7494,0.7494,0.7494,0.7494,0.7494,0.7494,0.8294,0.8294,0.6459,0.6459,0.8294,0.8294,0.8294,0.8294,0.8294,0.7494,0.7494
Natural_Gas_Distribution_and_Transmission,0.9703,0.9703,0.9703,0.9703,0.9703,0.9703,0.9703,0.9703,0.9703,0.9703,0.9703,0.9703,0.9703,0.9703,0.9703,0.9703,0.9703,0.9703,0.9703,0.9703,0.9703,0.9703,0.9703,0.9703,0.9703,0.9703,0.9703,0.9703,0.9703,0.9703,0.9703,0.9703,0.9703,0.9703,0.9703,0.9703,0.9703,0.9703,0.9703,0.9703,0.9703,0.9703,0.9703,0.9703,0.9703,0.9703,0.9703,0.9703,0.9703,0.9703,0.9703,0.9703,0.9703,0.9703,0.9703,0.981,0.981,0.9688,0.9688,0.981,0.981,0.981,0.981,0.981,0.9703,0.9703
Water_and_Sewer_Systems,0.6999,0.6999,0.6999,0.6999,0.6999,0.6999,0.6999,0.6999,0.6999,0.6999,0.6999,0.6999,0.6999,0.6999,0.6999,0.6999,0.6999,0.6999,0.6999,0.6999,0.6999,0.6999,0.6999,0.6999,0.6999,0.6999,0.6999,0.6999,0.6999,0.6999,0.6999,0.6999,0.6999,0.6999,0.6999,0.6999,0.6999,0.6999,0.6999,0.6999,0.6999,0.6999,0.6999,0.6999,0.6999,0.6999,0.6999,0.6999,0.6999,0.6999,0.6999,0.6999,0.6999,0.6999,0.6999,0.7941,0.7941,0.5951,0.5951,0.7941,0.7941,0.7941,0.7941,0.7941,0.6999,0.6999
Construction,0.3862,0.3862,0.3862,0.3862,0.3862,0.3862,0.3862,0.3862,0.3862,0.3862,0.3862,0.3862,0.3862,0.3862,0.3862,0.3862,0.3862,0.3862,0.3862,0.3862,0.3862,0.3862,0.3862,0.3862,0.3862,0.3862,0.3862,0.3862,0.3862,0.3862,0.3862,0.3862,0.3862,0.3862,0.3862,0.3862,0.3862,0.3862,0.3862,0.3862,0.3862,0.3862,0.3862,0.3862,0.3862,0.3862,0.3862,0.3862,0.3862,0.3862,0.3862,0.3862,0.3862,0.3862,0.3862,0.827,0.827,0.6686,0.6686,0.827,0.827,0.827,0.827,0.827,0.3862,0.3862
Food_Manufacturing,0.8253,0.8253,0.8253,0.8253,0.8253,0.8253,0.8253,0.8253,0.8253,0.8253,0.8253,0.8253,0.8253,0.8253,0.8253,0.8253,0.8253,0.8253,0.8253,0.8253,0.8253,0.8253,0.8253,0.8253,0.8253,0.8253,0.8253,0.8253,0.8253,0.8253,0.8253,0.8253,0.8253,0.8253,0.8253,0.8253,0.8253,0.8253,0.8253,0.8253,0.8253,0.8253,0.8253,0.8253,0.8253,0.8253,0.8253,0.8253,0.8253,0.8253,0.8253,0.8253,0.8253,0.8253,0.8253,0.9745,0.9745,0.919,0.919,0.9745,0.9745,0.9745,0.9745,0.9745,0.8253,0.8253
"Beverage_and_Tobacco_Products_Manufacturing",0.825,0.825,0.825,0.825,0.825,0.825,0.825,0.825,0.825,0.825,0.825,0.825,0.825,0.825,0.825,0.825,0.825,0.825,0.825,0.825,0.825,0.825,0.825,0.825,0.825,0.825,0.825,0.825,0.825,0.825,0.825,0.825,0.825,0.825,0.825,0.825,0.825,0.825,0.825,0.825,0.825,0.825,0.825,0.825,0.825,0.825,0.825,0.825,0.825,0.825,0.825,0.825,0.825,0.825,0.825,0.9811,0.9811,0.925,0.925,0.9811,0.9811,0.9811,0.9811,0.9811,0.825,0.825
Textile_and_Textile_Product_Mills,0.818,0.818,0.818,0.818,0.818,0.818,0.818,0.818,0.818,0.818,0.818,0.818,0.818,0.818,0.818,0.818,0.818,0.818,0.818,0.818,0.818,0.818,0.818,0.818,0.818,0.818,0.818,0.818,0.818,0.818,0.818,0.818,0.818,0.818,0.818,0.818,0.818,0.818,0.818,0.818,0.818,0.818,0.818,0.818,0.818,0.818,0.818,0.818,0.818,0.818,0.818,0.818,0.818,0.818,0.818,0.8887,0.8887,0.8471,0.8471,0.8887,0.8887,0.8887,0.8887,0.8887,0.818,0.818
"Apparel,_Leather,_and_Allied_Products_Manufacturing",0.596,0.596,0.596,0.596,0.596,0.596,0.596,0.596,0.596,0.596,0.596,0.596,0.596,0.596,0.596,0.596,0.596,0.596,0.596,0.596,0.596,0.596,0.596,0.596,0.596,0.596,0.596,0.596,0.596,0.596,0.596,0.596,0.596,0.596,0.596,0.596,0.596,0.596,0.596,0.596,0.596,0.596,0.596,0.596,0.596,0.596,0.596,0.596,0.596,0.596,0.596,0.596,0.596,0.596,0.596,0.8853,0.8853,0.6987,0.6987,0.8853,0.8853,0.8853,0.8853,0.8853,0.596,0.596
Wood_Product_Manufacturing,0.7132,0.7132,0.7132,0.7132,0.7132,0.7132,0.7132,0.7132,0.7132,0.7132,0.7132,0.7132,0.7132,0.7132,0.7132,0.7132,0.7132,0.7132,0.7132,0.7132,0.7132,0.7132,0.7132,0.7132,0.7132,0.7132,0.7132,0.7132,0.7132,0.7132,0.7132,0.7132,0.7132,0.7132,0.7132,0.7132,0.7132,0.7132,0.7132,0.7132,0.7132,0.7132,0.7132,0.7132,0.7132,0.7132,0.7132,0.7132,0.7132,0.7132,0.7132,0.7132,0.7132,0.7132,0.7132,0.8174,0.8174,0.779,0.779,0.8174,0.8174,0.8174,0.8174,0.8174,0.7132,0.7132
Paper_Manufacturing,0.8885,0.8885,0.8885,0.8885,0.8885,0.8885,0.8885,0.8885,0.8885,0.8885,0.8885,0.8885,0.8885,0.8885,0.8885,0.8885,0.8885,0.8885,0.8885,0.8885,0.8885,0.8885,0.8885,0.8885,0.8885,0.8885,0.8885,0.8885,0.8885,0.8885,0.8885,0.8885,0.8885,0.8885,0.8885,0.8885,0.8885,0.8885,0.8885,0.8885,0.8885,0.8885,0.8885,0.8885,0.8885,0.8885,0.8885,0.8885,0.8885,0.8885,0.8885,0.8885,0.8885,0.8885,0.8885,0.9367,0.9367,0.9151,0.9151,0.9367,0.9367,0.9367,0.9367,0.9367,0.8885,0.8885
Printing_and_Related_Support_Activities,0.5991,0.5991,0.5991,0.5991,0.5991,0.5991,0.5991,0.5991,0.5991,0.5991,0.5991,0.5991,0.5991,0.5991,0.5991,0.5991,0.5991,0.5991,0.5991,0.5991,0.5991,0.5991,0.5991,0.5991,0.5991,0.5991,0.5991,0.5991,0.5991,0.5991,0.5991,0.5991,0.5991,0.5991,0.5991,0.5991,0.5991,0.5991,0.5991,0.5991,0.5991,0.5991,0.5991,0.5991,0.5991,0.5991,0.5991,0.5991,0.5991,0.5991,0.5991,0.5991,0.5991,0.5991,0.5991,0.9128,0.9128,0.799,0.799,0.9128,0.9128,0.9128,0.9128,0.9128,0.5991,0.5991
Petroleum_and_Coal_Products_Manufacturing,0.9859,0.9859,0.9859,0.9859,0.9859,0.9859,0.9859,0.9859,0.9859,0.9859,0.9859,0.9859,0.9859,0.9859,0.9859,0.9859,0.9859,0.9859,0.9859,0.9859,0.9859,0.9859,0.9859,0.9859,0.9859,0.9859,0.9859,0.9859,0.9859,0.9859,0.9859,0.9859,0.9859,0.9859,0.9859,0.9859,0.9859,0.9859,0.9859,0.9859,0.9859,0.9859,0.9859,0.9859,0.9859,0.9859,0.9859,0.9859,0.9859,0.9859,0.9859,0.9859,0.9859,0.9859,0.9859,0.963,0.963,0.9711,0.9711,0.963,0.963,0.963,0.963,0.963,0.9859,0.9859
Chemical_Manufacturing,0.9653,0.9653,0.9653,0.9653,0.9653,0.9653,0.9653,0.9653,0.9653,0.9653,0.9653,0.9653,0.9653,0.9653,0.9653,0.9653,0.9653,0.9653,0.9653,0.9653,0.9653,0.9653,0.9653,0.9653,0.9653,0.9653,0.9653,0.9653,0.9653,0.9653,0.9653,0.9653,0.9653,0.9653,0.9653,0.9653,0.9653,0.9653,0.9653,0.9653,0.9653,0.9653,0.9653,0.9653,0.9653,0.9653,0.9653,0.9653,0.9653,0.9653,0.9653,0.9653,0.9653,0.9653,0.9653,0.9893,0.9893,0.9769,0.9769,0.9893,0.9893,0.9893,0.9893,0.9893,0.9653,0.9653
Plastics_and_Rubber_Products_Manufacturing,0.814,0.814,0.814,0.814,0.814,0.814,0.814,0.814,0.814,0.814,0.814,0.814,0.814,0.814,0.814,0.814,0.814,0.814,0.814,0.814,0.814,0.814,0.814,0.814,0.814,0.814,0.814,0.814,0.814,0.814,0.814,0.814,0.814,0.814,0.814,0.814,0.814,0.814,0.814,0.814,0.814,0.814,0.814,0.814,0.814,0.814,0.814,0.814,0.814,0.814,0.814,0.814,0.814,0.814,0.814,0.9343,0.9343,0.8895,0.8895,0.9343,0.9343,0.9343,0.9343,0.9343,0.814,0.814
Nonmetallic_Mineral_Product_Manufacturing,0.865,0.865,0.865,0.865,0.865,0.865,0.865,0.865,0.865,0.865,0.865,0.865,0.865,0.865,0.865,0.865,0.865,0.865,0.865,0.865,0.865,0.865,0.865,0.865,0.865,0.865,0.865,0.865,0.865,0.865,0.865,0.865,0.865,0.865,0.865,0.865,0.865,0.865,0.865,0.865,0.865,0.865,0.865,0.865,0.865,0.865,0.865,0.865,0.865,0.865,0.865,0.865,0.865,0.865,0.865,0.9511,0.9511,0.9193,0.9193,0.9511,0.9511,0.9511,0.9511,0.9511,0.865,0.865
Primary_Metal_Manufacturing,0.8853,0.8853,0.8853,0.8853,0.8853,0.8853,0.8853,0.8853,0.8853,0.8853,0.8853,0.8853,0.8853,0.8853,0.8853,0.8853,0.8853,0.8853,0.8853,0.8853,0.8853,0.8853,0.8853,0.8853,0.8853,0.8853,0.8853,0.8853,0.8853,0.8853,0.8853,0.8853,0.8853,0.8853,0.8853,0.8853,0.8853,0.8853,0.8853,0.8853,0.8853,0.8853,0.8853,0.8853,0.8853,0.8853,0.8853,0.8853,0.8853,0.8853,0.8853,0.8853,0.8853,0.8853,0.8853,0.9327,0.9327,0.9158,0.9158,0.9327,0.9327,0.9327,0.9327,0.9327,0.8853,0.8853
Fabricated_Metal_Product_Manufacturing,0.6416,0.6416,0.6416,0.6416,0.6416,0.6416,0.6416,0.6416,0.6416,0.6416,0.6416,0.6416,0.6416,0.6416,0.6416,0.6416,0.6416,0.6416,0.6416,0.6416,0.6416,0.6416,0.6416,0.6416,0.6416,0.6416,0.6416,0.6416,0.6416,0.6416,0.6416,0.6416,0.6416,0.6416,0.6416,0.6416,0.6416,0.6416,0.6416,0.6416,0.6416,0.6416,0.6416,0.6416,0.6416,0.6416,0.6416,0.6416,0.6416,0.6416,0.6416,0.6416,0.6416,0.6416,0.6416,0.9396,0.9396,0.8306,0.8306,0.9396,0.9396,0.9396,0.9396,0.9396,0.6416,0.6416
Machinery_Manufacturing,0.8577,0.8577,0.8577,0.8577,0.8577,0.8577,0.8577,0.8577,0.8577,0.8577,0.8577,0.8577,0.8577,0.8577,0.8577,0.8577,0.8577,0.8577,0.8577,0.8577,0.8577,0.8577,0.8577,0.8577,0.8577,0.8577,0.8577,0.8577,0.8577,0.8577,0.8577,0.8577,0.8577,0.8577,0.8577,0.8577,0.8577,0.8577,0.8577,0.8577,0.8577,0.8577,0.8577,0.8577,0.8577,0.8577,0.8577,0.8577,0.8577,0.8577,0.8577,0.8577,0.8577,0.8577,0.8577,0.9637,0.9637,0.9254,0.9254,0.9637,0.9637,0.9637,0.9637,0.9637,0.8577,0.8577
Computer_and_Electronic_Product_Manufacturing,0.975,0.975,0.975,0.975,0.975,0.975,0.975,0.975,0.975,0.975,0.975,0.975,0.975,0.975,0.975,0.975,0.975,0.975,0.975,0.975,0.975,0.975,0.975,0.975,0.975,0.975,0.975,0.975,0.975,0.975,0.975,0.975,0.975,0.975,0.975,0.975,0.975,0.975,0.975,0.975,0.975,0.975,0.975,0.975,0.975,0.975,0.975,0.975,0.975,0.975,0.975,0.975,0.975,0.975,0.975,0.9922,0.9922,0.9836,0.9836,0.9922,0.9922,0.9922,0.9922,0.9922,0.975,0.975
"Electrical_Equipment,_Appliances,_and_Components_Manufacturing",0.8897,0.8897,0.8897,0.8897,0.8897,0.8897,0.8897,0.8897,0.8897,0.8897,0.8897,0.8897,0.8897,0.8897,0.8897,0.8897,0.8897,0.8897,0.8897,0.8897,0.8897,0.8897,0.8897,0.8897,0.8897,0.8897,0.8897,0.8897,0.8897,0.8897,0.8897,0.8897,0.8897,0.8897,0.8897,0.8897,0.8897,0.8897,0.8897,0.8897,0.8897,0.8897,0.8897,0.8897,0.8897,0.8897,0.8897,0.8897,0.8897,0.8897,0.8897,0.8897,0.8897,0.8897,0.8897,0.9799,0.9799,0.9469,0.9469,0.9799,0.9799,0.9799,0.9799,0.9799,0.8897,0.8897
Motor_Vehicle_and_Parts_Manufacturing,0.9807,0.9807,0.9807,0.9807,0.9807,0.9807,0.9807,0.9807,0.9807,0.9807,0.9807,0.9807,0.9807,0.9807,0.9807,0.9807,0.9807,0.9807,0.9807,0.9807,0.9807,0.9807,0.9807,0.9807,0.9807,0.9807,0.9807,0.9807,0.9807,0.9807,0.9807,0.9807,0.9807,0.9807,0.9807,0.9807,0.9807,0.9807,0.9807,0.9807,0.9807,0.9807,0.9807,0.9807,0.9807,0.9807,0.9807,0.9807,0.9807,0.9807,0.9807,0.9807,0.9807,0.9807,0.9807,0.9653,0.9653,0.9698,0.9698,0.9653,0.9653,0.9653,0.9653,0.9653,0.9807,0.9807
Other_Transportation_Equipment_Manufacturing,0.964,0.964,0.964,0.964,0.964,0.964,0.964,0.964,0.964,0.964,0.964,0.964,0.964,0.964,0.964,0.964,0.964,0.964,0.964,0.964,0.964,0.964,0.964,0.964,0.964,0.964,0.964,0.964,0.964,0.964,0.964,0.964,0.964,0.964,0.964,0.964,0.964,0.964,0.964,0.964,0.964,0.964,0.964,0.964,0.964,0.964,0.964,0.964,0.964,0.964,0.964,0.964,0.964,0.964,0.964,0.9865,0.9865,0.9774,0.9774,0.9865,0.9865,0.9865,0.9865,0.9865,0.964,0.964
Furniture_and_Related_Products_Manufacturing,0.7223,0.7223,0.7223,0.7223,0.7223,0.7223,0.7223,0.7223,0.7223,0.7223,0.7223,0.7223,0.7223,0.7223,0.7223,0.7223,0.7223,0.7223,0.7223,0.7223,0.7223,0.7223,0.7223,0.7223,0.7223,0.7223,0.7223,0.7223,0.7223,0.7223,0.7223,0.7223,0.7223,0.7223,0.7223,0.7223,0.7223,0.7223,0.7223,0.7223,0.7223,0.7223,0.7223,0.7223,0.7223,0.7223,0.7223,0.7223,0.7223,0.7223,0.7223,0.7223,0.7223,0.7223,0.7223,0.9354,0.9354,0.8572,0.8572,0.9354,0.9354,0.9354,0.9354,0.9354,0.7223,0.7223
Medical_and_Dental_Supplies_Manufacturing,0.8885,0.8885,0.8885,0.8885,0.8885,0.8885,0.8885,0.8885,0.8885,0.8885,0.8885,0.8885,0.8885,0.8885,0.8885,0.8885,0.8885,0.8885,0.8885,0.8885,0.8885,0.8885,0.8885,0.8885,0.8885,0.8885,0.8885,0.8885,0.8885,0.8885,0.8885,0.8885,0.8885,0.8885,0.8885,0.8885,0.8885,0.8885,0.8885,0.8885,0.8885,0.8885,0.8885,0.8885,0.8885,0.8885,0.8885,0.8885,0.8885,0.8885,0.8885,0.8885,0.8885,0.8885,0.8885,0.979,0.979,0.9387,0.9387,0.979,0.979,0.979,0.979,0.979,0.8885,0.8885
Other_Miscellaneous_Manufacturing,0.6845,0.6845,0.6845,0.6845,0.6845,0.6845,0.6845,0.6845,0.6845,0.6845,0.6845,0.6845,0.6845,0.6845,0.6845,0.6845,0.6845,0.6845,0.6845,0.6845,0.6845,0.6845,0.6845,0.6845,0.6845,0.6845,0.6845,0.6845,0.6845,0.6845,0.6845,0.6845,0.6845,0.6845,0.6845,0.6845,0.6845,0.6845,0.6845,0.6845,0.6845,0.6845,0.6845,0.6845,0.6845,0.6845,0.6845,0.6845,0.6845,0.6845,0.6845,0.6845,0.6845,0.6845,0.6845,0.9221,0.9221,0.8283,0.8283,0.9221,0.9221,0.9221,0.9221,0.9221,0.6845,0.6845
Wholesale_Durable_Goods,0.7961,0.7961,0.7961,0.7961,0.7961,0.7961,0.7961,0.7961,0.7961,0.7961,0.7961,0.7961,0.7961,0.7961,0.7961,0.7961,0.7961,0.7961,0.7961,0.7961,0.7961,0.7961,0.7961,0.7961,0.7961,0.7961,0.7961,0.7961,0.7961,0.7961,0.7961,0.7961,0.7961,0.7961,0.7961,0.7961,0.7961,0.7961,0.7961,0.7961,0.7961,0.7961,0.7961,0.7961,0.7961,0.7961,0.7961,0.7961,0.7961,0.7961,0.7961,0.7961,0.7961,0.7961,0.7961,0.9166,0.9166,0.8703,0.8703,0.9166,0.9166,0.9166,0.9166,0.9166,0.7961,0.7961
Wholesale_Nondurable_Goods,0.9106,0.9106,0.9106,0.9106,0.9106,0.9106,0.9106,0.9106,0.9106,0.9106,0.9106,0.9106,0.9106,0.9106,0.9106,0.9106,0.9106,0.9106,0.9106,0.9106,0.9106,0.9106,0.9106,0.9106,0.9106,0.9106,0.9106,0.9106,0.9106,0.9106,0.9106,0.9106,0.9106,0.9106,0.9106,0.9106,0.9106,0.9106,0.9106,0.9106,0.9106,0.9106,0.9106,0.9106,0.9106,0.9106,0.9106,0.9106,0.9106,0.9106,0.9106,0.9106,0.9106,0.9106,0.9106,0.9501,0.9501,0.9296,0.9296,0.9501,0.9501,0.9501,0.9501,0.9501,0.9106,0.9106
Motor_Vehicle_and_Parts_Dealers,0.5274,0.5274,0.5274,0.5274,0.5274,0.5274,0.5274,0.5274,0.5274,0.5274,0.5274,0.5274,0.5274,0.5274,0.5274,0.5274,0.5274,0.5274,0.5274,0.5274,0.5274,0.5274,0.5274,0.5274,0.5274,0.5274,0.5274,0.5274,0.5274,0.5274,0.5274,0.5274,0.5274,0.5274,0.5274,0.5274,0.5274,0.5274,0.5274,0.5274,0.5274,0.5274,0.5274,0.5274,0.5274,0.5274,0.5274,0.5274,0.5274,0.5274,0.5274,0.5274,0.5274,0.5274,0.5274,0.6622,0.6622,0.6137,0.6137,0.6622,0.6622,0.6622,0.6622,0.6622,0.5274,0.5274
Food_and_Beverages_Stores,0.8052,0.8052,0.8052,0.8052,0.8052,0.8052,0.8052,0.8052,0.8052,0.8052,0.8052,0.8052,0.8052,0.8052,0.8052,0.8052,0.8052,0.8052,0.8052,0.8052,0.8052,0.8052,0.8052,0.8052,0.8052,0.8052,0.8052,0.8052,0.8052,0.8052,0.8052,0.8052,0.8052,0.8052,0.8052,0.8052,0.8052,0.8052,0.8052,0.8052,0.8052,0.8052,0.8052,0.8052,0.8052,0.8052,0.8052,0.8052,0.8052,0.8052,0.8052,0.8052,0.8052,0.8052,0.8052,0.8144,0.8144,0.8093,0.8093,0.8144,0.8144,0.8144,0.8144,0.8144,0.8052,0.8052
General_Merchandise_Stores,0.993,0.993,0.993,0.993,0.993,0.993,0.993,0.993,0.993,0.993,0.993,0.993,0.993,0.993,0.993,0.993,0.993,0.993,0.993,0.993,0.993,0.993,0.993,0.993,0.993,0.993,0.993,0.993,0.993,0.993,0.993,0.993,0.993,0.993,0.993,0.993,0.993,0.993,0.993,0.993,0.993,0.993,0.993,0.993,0.993,0.993,0.993,0.993,0.993,0.993,0.993,0.993,0.993,0.993,0.993,0.9865,0.9865,0.9879,0.9879,0.9865,0.9865,0.9865,0.9865,0.9865,0.993,0.993
Other_Retail,0.7685,0.7685,0.7685,0.7685,0.7685,0.7685,0.7685,0.7685,0.7685,0.7685,0.7685,0.7685,0.7685,0.7685,0.7685,0.7685,0.7685,0.7685,0.7685,0.7685,0.7685,0.7685,0.7685,0.7685,0.7685,0.7685,0.7685,0.7685,0.7685,0.7685,0.7685,0.7685,0.7685,0.7685,0.7685,0.7685,0.7685,0.7685,0.7685,0.7685,0.7685,0.7685,0.7685,0.7685,0.7685,0.7685,0.7685,0.7685,0.7685,0.7685,0.7685,0.7685,0.7685,0.7685,0.7685,0.9265,0.9265,0.8091,0.8091,0.9265,0.9265,0.9265,0.9265,0.9265,0.7685,0.7685
Air_Transportation,0.9545,0.9545,0.9545,0.9545,0.9545,0.9545,0.9545,0.9545,0.9545,0.9545,0.9545,0.9545,0.9545,0.9545,0.9545,0.9545,0.9545,0.9545,0.9545,0.9545,0.9545,0.9545,0.9545,0.9545,0.9545,0.9545,0.9545,0.9545,0.9545,0.9545,0.9545,0.9545,0.9545,0.9545,0.9545,0.9545,0.9545,0.9545,0.9545,0.9545,0.9545,0.9545,0.9545,0.9545,0.9545,0.9545,0.9545,0.9545,0.9545,0.9545,0.9545,0.9545,0.9545,0.9545,0.9545,0.9768,0.9768,0.9627,0.9627,0.9768,0.9768,0.9768,0.9768,0.9768,0.9545,0.9545
Rail_Transportation,0.984,0.984,0.984,0.984,0.984,0.984,0.984,0.984,0.984,0.984,0.984,0.984,0.984,0.984,0.984,0.984,0.984,0.984,0.984,0.984,0.984,0.984,0.984,0.984,0.984,0.984,0.984,0.984,0.984,0.984,0.984,0.984,0.984,0.984,0.984,0.984,0.984,0.984,0.984,0.984,0.984,0.984,0.984,0.984,0.984,0.984,0.984,0.984,0.984,0.984,0.984,0.984,0.984,0.984,0.984,0.9269,0.9269,0.9375,0.9375,0.9269,0.9269,0.9269,0.9269,0.9269,0.984,0.984
Water_Transportation,0.5973,0.5973,0.5973,0.5973,0.5973,0.5973,0.5973,0.5973,0.5973,0.5973,0.5973,0.5973,0.5973,0.5973,0.5973,0.5973,0.5973,0.5973,0.5973,0.5973,0.5973,0.5973,0.5973,0.5973,0.5973,0.5973,0.5973,0.5973,0.5973,0.5973,0.5973,0.5973,0.5973,0.5973,0.5973,0.5973,0.5973,0.5973,0.5973,0.5973,0.5973,0.5973,0.5973,0.5973,0.5973,0.5973,0.5973,0.5973,0.5973,0.5973,0.5973,0.5973,0.5973,0.5973,0.5973,0.7681,0.7681,0.6765,0.6765,0.7681,0.7681,0.7681,0.7681,0.7681,0.5973,0.5973
Truck_Transportation,0.4852,0.4852,0.4852,0.4852,0.4852,0.4852,0.4852,0.4852,0.4852,0.4852,0.4852,0.4852,0.4852,0.4852,0.4852,0.4852,0.4852,0.4852,0.4852,0.4852,0.4852,0.4852,0.4852,0.4852,0.4852,0.4852,0.4852,0.4852,0.4852,0.4852,0.4852,0.4852,0.4852,0.4852,0.4852,0.4852,0.4852,0.4852,0.4852,0.4852,0.4852,0.4852,0.4852,0.4852,0.4852,0.4852,0.4852,0.4852,0.4852,0.4852,0.4852,0.4852,0.4852,0.4852,0.4852,0.7112,0.7112,0.5984,0.5984,0.7112,0.7112,0.7112,0.7112,0.7112,0.4852,0.4852
Transit_and_Ground_Passenger_Transportation,0.4549,0.4549,0.4549,0.4549,0.4549,0.4549,0.4549,0.4549,0.4549,0.4549,0.4549,0.4549,0.4549,0.4549,0.4549,0.4549,0.4549,0.4549,0.4549,0.4549,0.4549,0.4549,0.4549,0.4549,0.4549,0.4549,0.4549,0.4549,0.4549,0.4549,0.4549,0.4549,0.4549,0.4549,0.4549,0.4549,0.4549,0.4549,0.4549,0.4549,0.4549,0.4549,0.4549,0.4549,0.4549,0.4549,0.4549,0.4549,0.4549,0.4549,0.4549,0.4549,0.4549,0.4549,0.4549,0.6493,0.6493,0.5184,0.5184,0.6493,0.6493,0.6493,0.6493,0.6493,0.4549,0.4549
Pipeline_Transportation,0.8104,0.8104,0.8104,0.8104,0.8104,0.8104,0.8104,0.8104,0.8104,0.8104,0.8104,0.8104,0.8104,0.8104,0.8104,0.8104,0.8104,0.8104,0.8104,0.8104,0.8104,0.8104,0.8104,0.8104,0.8104,0.8104,0.8104,0.8104,0.8104,0.8104,0.8104,0.8104,0.8104,0.8104,0.8104,0.8104,0.8104,0.8104,0.8104,0.8104,0.8104,0.8104,0.8104,0.8104,0.8104,0.8104,0.8104,0.8104,0.8104,0.8104,0.8104,0.8104,0.8104,0.8104,0.8104,0.9328,0.9328,0.8665,0.8665,0.9328,0.9328,0.9328,0.9328,0.9328,0.8104,0.8104
Other_Transportation_and_Support_Activities,0.7627,0.7627,0.7627,0.7627,0.7627,0.7627,0.7627,0.7627,0.7627,0.7627,0.7627,0.7627,0.7627,0.7627,0.7627,0.7627,0.7627,0.7627,0.7627,0.7627,0.7627,0.7627,0.7627,0.7627,0.7627,0.7627,0.7627,0.7627,0.7627,0.7627,0.7627,0.7627,0.7627,0.7627,0.7627,0.7627,0.7627,0.7627,0.7627,0.7627,0.7627,0.7627,0.7627,0.7627,0.7627,0.7627,0.7627,0.7627,0.7627,0.7627,0.7627,0.7627,0.7627,0.7627,0.7627,0.8902,0.8902,0.8175,0.8175,0.8902,0.8902,0.8902,0.8902,0.8902,0.7627,0.7627
Warehousing_and_Storage,0.5359,0.5359,0.5359,0.5359,0.5359,0.5359,0.5359,0.5359,0.5359,0.5359,0.5359,0.5359,0.5359,0.5359,0.5359,0.5359,0.5359,0.5359,0.5359,0.5359,0.5359,0.5359,0.5359,0.5359,0.5359,0.5359,0.5359,0.5359,0.5359,0.5359,0.5359,0.5359,0.5359,0.5359,0.5359,0.5359,0.5359,0.5359,0.5359,0.5359,0.5359,0.5359,0.5359,0.5359,0.5359,0.5359,0.5359,0.5359,0.5359,0.5359,0.5359,0.5359,0.5359,0.5359,0.5359,0.6619,0.6619,0.5644,0.5644,0.6619,0.6619,0.6619,0.6619,0.6619,0.5359,0.5359
Publishing_Industries_(Except_Internet),0.9303,0.9303,0.9303,0.9303,0.9303,0.9303,0.9303,0.9303,0.9303,0.9303,0.9303,0.9303,0.9303,0.9303,0.9303,0.9303,0.9303,0.9303,0.9303,0.9303,0.9303,0.9303,0.9303,0.9303,0.9303,0.9303,0.9303,0.9303,0.9303,0.9303,0.9303,0.9303,0.9303,0.9303,0.9303,0.9303,0.9303,0.9303,0.9303,0.9303,0.9303,0.9303,0.9303,0.9303,0.9303,0.9303,0.9303,0.9303,0.9303,0.9303,0.9303,0.9303,0.9303,0.9303,0.9303,0.9729,0.9729,0.8478,0.8478,0.9729,0.9729,0.9729,0.9729,0.9729,0.9303,0.9303
Motion_Picture_and_Sound_Recording_Industries,0.7641,0.7641,0.7641,0.7641,0.7641,0.7641,0.7641,0.7641,0.7641,0.7641,0.7641,0.7641,0.7641,0.7641,0.7641,0.7641,0.7641,0.7641,0.7641,0.7641,0.7641,0.7641,0.7641,0.7641,0.7641,0.7641,0.7641,0.7641,0.7641,0.7641,0.7641,0.7641,0.7641,0.7641,0.7641,0.7641,0.7641,0.7641,0.7641,0.7641,0.7641,0.7641,0.7641,0.7641,0.7641,0.7641,0.7641,0.7641,0.7641,0.7641,0.7641,0.7641,0.7641,0.7641,0.7641,0.934,0.934,0.6744,0.6744,0.934,0.934,0.934,0.934,0.934,0.7641,0.7641
Broadcasting_(Except_Internet)_and_Telecommunications,0.9455,0.9455,0.9455,0.9455,0.9455,0.9455,0.9455,0.9455,0.9455,0.9455,0.9455,0.9455,0.9455,0.9455,0.9455,0.9455,0.9455,0.9455,0.9455,0.9455,0.9455,0.9455,0.9455,0.9455,0.9455,0.9455,0.9455,0.9455,0.9455,0.9455,0.9455,0.9455,0.9455,0.9455,0.9455,0.9455,0.9455,0.9455,0.9455,0.9455,0.9455,0.9455,0.9455,0.9455,0.9455,0.9455,0.9455,0.9455,0.9455,0.9455,0.9455,0.9455,0.9455,0.9455,0.9455,0.9649,0.9649,0.7346,0.7346,0.9649,0.9649,0.9649,0.9649,0.9649,0.9455,0.9455
"Data_Processing,_Hosting,_and_Other_Information_Services",0.9458,0.9458,0.9458,0.9458,0.9458,0.9458,0.9458,0.9458,0.9458,0.9458,0.9458,0.9458,0.9458,0.9458,0.9458,0.9458,0.9458,0.9458,0.9458,0.9458,0.9458,0.9458,0.9458,0.9458,0.9458,0.9458,0.9458,0.9458,0.9458,0.9458,0.9458,0.9458,0.9458,0.9458,0.9458,0.9458,0.9458,0.9458,0.9458,0.9458,0.9458,0.9458,0.9458,0.9458,0.9458,0.9458,0.9458,0.9458,0.9458,0.9458,0.9458,0.9458,0.9458,0.9458,0.9458,0.9605,0.9605,0.7399,0.7399,0.9605,0.9605,0.9605,0.9605,0.9605,0.9458,0.9458
Depository_Credit_Intermediation,0.7284,0.7284,0.7284,0.7284,0.7284,0.7284,0.7284,0.7284,0.7284,0.7284,0.7284,0.7284,0.7284,0.7284,0.7284,0.7284,0.7284,0.7284,0.7284,0.7284,0.7284,0.7284,0.7284,0.7284,0.7284,0.7284,0.7284,0.7284,0.7284,0.7284,0.7284,0.7284,0.7284,0.7284,0.7284,0.7284,0.7284,0.7284,0.7284,0.7284,0.7284,0.7284,0.7284,0.7284,0.7284,0.7284,0.7284,0.7284,0.7284,0.7284,0.7284,0.7284,0.7284,0.7284,0.7284,0.8354,0.8354,0.5253,0.5253,0.8354,0.8354,0.8354,0.8354,0.8354,0.7284,0.7284
Other_Intermediation,0.9496,0.9496,0.9496,0.9496,0.9496,0.9496,0.9496,0.9496,0.9496,0.9496,0.9496,0.9496,0.9496,0.9496,0.9496,0.9496,0.9496,0.9496,0.9496,0.9496,0.9496,0.9496,0.9496,0.9496,0.9496,0.9496,0.9496,0.9496,0.9496,0.9496,0.9496,0.9496,0.9496,0.9496,0.9496,0.9496,0.9496,0.9496,0.9496,0.9496,0.9496,0.9496,0.9496,0.9496,0.9496,0.9496,0.9496,0.9496,0.9496,0.9496,0.9496,0.9496,0.9496,0.9496,0.9496,0.9862,0.9862,0.9348,0.9348,0.9862,0.9862,0.9862,0.9862,0.9862,0.9496,0.9496
Nondepository_Credit_Intermediation,0.8862,0.8862,0.8862,0.8862,0.8862,0.8862,0.8862,0.8862,0.8862,0.8862,0.8862,0.8862,0.8862,0.8862,0.8862,0.8862,0.8862,0.8862,0.8862,0.8862,0.8862,0.8862,0.8862,0.8862,0.8862,0.8862,0.8862,0.8862,0.8862,0.8862,0.8862,0.8862,0.8862,0.8862,0.8862,0.8862,0.8862,0.8862,0.8862,0.8862,0.8862,0.8862,0.8862,0.8862,0.8862,0.8862,0.8862,0.8862,0.8862,0.8862,0.8862,0.8862,0.8862,0.8862,0.8862,0.8077,0.8077,0.678,0.678,0.8077,0.8077,0.8077,0.8077,0.8077,0.8862,0.8862
"Securities,_Commodity_Contracts,_and_Other_Financial_Investments_and_Related_Activities",0.7985,0.7985,0.7985,0.7985,0.7985,0.7985,0.7985,0.7985,0.7985,0.7985,0.7985,0.7985,0.7985,0.7985,0.7985,0.7985,0.7985,0.7985,0.7985,0.7985,0.7985,0.7985,0.7985,0.7985,0.7985,0.7985,0.7985,0.7985,0.7985,0.7985,0.7985,0.7985,0.7985,0.7985,0.7985,0.7985,0.7985,0.7985,0.7985,0.7985,0.7985,0.7985,0.7985,0.7985,0.7985,0.7985,0.7985,0.7985,0.7985,0.7985,0.7985,0.7985,0.7985,0.7985,0.7985,0.8937,0.8937,0.7563,0.7563,0.8937,0.8937,0.8937,0.8937,0.8937,0.7985,0.7985
Insurance_Carriers,0.863,0.863,0.863,0.863,0.863,0.863,0.863,0.863,0.863,0.863,0.863,0.863,0.863,0.863,0.863,0.863,0.863,0.863,0.863,0.863,0.863,0.863,0.863,0.863,0.863,0.863,0.863,0.863,0.863,0.863,0.863,0.863,0.863,0.863,0.863,0.863,0.863,0.863,0.863,0.863,0.863,0.863,0.863,0.863,0.863,0.863,0.863,0.863,0.863,0.863,0.863,0.863,0.863,0.863,0.863,0.9049,0.9049,0.6829,0.6829,0.9049,0.9049,0.9049,0.9049,0.9049,0.863,0.863
Insurance_Agencies_and_Brokers_and_Related_Services,0.6108,0.6108,0.6108,0.6108,0.6108,0.6108,0.6108,0.6108,0.6108,0.6108,0.6108,0.6108,0.6108,0.6108,0.6108,0.6108,0.6108,0.6108,0.6108,0.6108,0.6108,0.6108,0.6108,0.6108,0.6108,0.6108,0.6108,0.6108,0.6108,0.6108,0.6108,0.6108,0.6108,0.6108,0.6108,0.6108,0.6108,0.6108,0.6108,0.6108,0.6108,0.6108,0.6108,0.6108,0.6108,0.6108,0.6108,0.6108,0.6108,0.6108,0.6108,0.6108,0.6108,0.6108,0.6108,0.9069,0.9069,0.7591,0.7591,0.9069,0.9069,0.9069,0.9069,0.9069,0.6108,0.6108
"Funds,_Trusts,_and_Other_Financial_Vehicles_",0.6614,0.6614,0.6614,0.6614,0.6614,0.6614,0.6614,0.6614,0.6614,0.6614,0.6614,0.6614,0.6614,0.6614,0.6614,0.6614,0.6614,0.6614,0.6614,0.6614,0.6614,0.6614,0.6614,0.6614,0.6614,0.6614,0.6614,0.6614,0.6614,0.6614,0.6614,0.6614,0.6614,0.6614,0.6614,0.6614,0.6614,0.6614,0.6614,0.6614,0.6614,0.6614,0.6614,0.6614,0.6614,0.6614,0.6614,0.6614,0.6614,0.6614,0.6614,0.6614,0.6614,0.6614,0.6614,0.5759,0.5759,0.4117,0.4117,0.5759,0.5759,0.5759,0.5759,0.5759,0.6614,0.6614
Real_Estate,0.2326,0.2326,0.2326,0.2326,0.2326,0.2326,0.2326,0.2326,0.2326,0.2326,0.2326,0.2326,0.2326,0.2326,0.2326,0.2326,0.2326,0.2326,0.2326,0.2326,0.2326,0.2326,0.2326,0.2326,0.2326,0.2326,0.2326,0.2326,0.2326,0.2326,0.2326,0.2326,0.2326,0.2326,0.2326,0.2326,0.2326,0.2326,0.2326,0.2326,0.2326,0.2326,0.2326,0.2326,0.2326,0.2326,0.2326,0.2326,0.2326,0.2326,0.2326,0.2326,0.2326,0.2326,0.2326,0.4585,0.4585,0.3434,0.3434,0.4585,0.4585,0.4585,0.4585,0.4585,0.2326,0.2326
Rental_and_Leasing_(Including_Nonfinancial_Intangibles),0.674,0.674,0.674,0.674,0.674,0.674,0.674,0.674,0.674,0.674,0.674,0.674,0.674,0.674,0.674,0.674,0.674,0.674,0.674,0.674,0.674,0.674,0.674,0.674,0.674,0.674,0.674,0.674,0.674,0.674,0.674,0.674,0.674,0.674,0.674,0.674,0.674,0.674,0.674,0.674,0.674,0.674,0.674,0.674,0.674,0.674,0.674,0.674,0.674,0.674,0.674,0.674,0.674,0.674,0.674,0.8713,0.8713,0.7827,0.7827,0.8713,0.8713,0.8713,0.8713,0.8713,0.674,0.674
Legal_Services,0.194,0.194,0.194,0.194,0.194,0.194,0.194,0.194,0.194,0.194,0.194,0.194,0.194,0.194,0.194,0.194,0.194,0.194,0.194,0.194,0.194,0.194,0.194,0.194,0.194,0.194,0.194,0.194,0.194,0.194,0.194,0.194,0.194,0.194,0.194,0.194,0.194,0.194,0.194,0.194,0.194,0.194,0.194,0.194,0.194,0.194,0.194,0.194,0.194,0.194,0.194,0.194,0.194,0.194,0.194,0.2542,0.2542,0.1972,0.1972,0.2542,0.2542,0.2542,0.2542,0.2542,0.194,0.194
Computer_Systems_Design_and_Related_Services,0.8073,0.8073,0.8073,0.8073,0.8073,0.8073,0.8073,0.8073,0.8073,0.8073,0.8073,0.8073,0.8073,0.8073,0.8073,0.8073,0.8073,0.8073,0.8073,0.8073,0.8073,0.8073,0.8073,0.8073,0.8073,0.8073,0.8073,0.8073,0.8073,0.8073,0.8073,0.8073,0.8073,0.8073,0.8073,0.8073,0.8073,0.8073,0.8073,0.8073,0.8073,0.8073,0.8073,0.8073,0.8073,0.8073,0.8073,0.8073,0.8073,0.8073,0.8073,0.8073,0.8073,0.8073,0.8073,0.9355,0.9355,0.8297,0.8297,0.9355,0.9355,0.9355,0.9355,0.9355,0.8073,0.8073
"Other_Professional,_Scientific,_and_Technical_Services",0.546,0.546,0.546,0.546,0.546,0.546,0.546,0.546,0.546,0.546,0.546,0.546,0.546,0.546,0.546,0.546,0.546,0.546,0.546,0.546,0.546,0.546,0.546,0.546,0.546,0.546,0.546,0.546,0.546,0.546,0.546,0.546,0.546,0.546,0.546,0.546,0.546,0.546,0.546,0.546,0.546,0.546,0.546,0.546,0.546,0.546,0.546,0.546,0.546,0.546,0.546,0.546,0.546,0.546,0.546,0.8283,0.8283,0.5389,0.5389,0.8283,0.8283,0.8283,0.8283,0.8283,0.546,0.546
Management_Of_Companies_and_Enterprises,0.7393,0.7393,0.7393,0.7393,0.7393,0.7393,0.7393,0.7393,0.7393,0.7393,0.7393,0.7393,0.7393,0.7393,0.7393,0.7393,0.7393,0.7393,0.7393,0.7393,0.7393,0.7393,0.7393,0.7393,0.7393,0.7393,0.7393,0.7393,0.7393,0.7393,0.7393,0.7393,0.7393,0.7393,0.7393,0.7393,0.7393,0.7393,0.7393,0.7393,0.7393,0.7393,0.7393,0.7393,0.7393,0.7393,0.7393,0.7393,0.7393,0.7393,0.7393,0.7393,0.7393,0.7393,0.7393,0.8412,0.8412,0.5474,0.5474,0.8412,0.8412,0.8412,0.8412,0.8412,0.7393,0.7393
Administrative_and_Support_Services,0.4938,0.4938,0.4938,0.4938,0.4938,0.4938,0.4938,0.4938,0.4938,0.4938,0.4938,0.4938,0.4938,0.4938,0.4938,0.4938,0.4938,0.4938,0.4938,0.4938,0.4938,0.4938,0.4938,0.4938,0.4938,0.4938,0.4938,0.4938,0.4938,0.4938,0.4938,0.4938,0.4938,0.4938,0.4938,0.4938,0.4938,0.4938,0.4938,0.4938,0.4938,0.4938,0.4938,0.4938,0.4938,0.4938,0.4938,0.4938,0.4938,0.4938,0.4938,0.4938,0.4938,0.4938,0.4938,0.8638,0.8638,0.6717,0.6717,0.8638,0.8638,0.8638,0.8638,0.8638,0.4938,0.4938
Waste_Management_and_Remediation_Services,0.8072,0.8072,0.8072,0.8072,0.8072,0.8072,0.8072,0.8072,0.8072,0.8072,0.8072,0.8072,0.8072,0.8072,0.8072,0.8072,0.8072,0.8072,0.8072,0.8072,0.8072,0.8072,0.8072,0.8072,0.8072,0.8072,0.8072,0.8072,0.8072,0.8072,0.8072,0.8072,0.8072,0.8072,0.8072,0.8072,0.8072,0.8072,0.8072,0.8072,0.8072,0.8072,0.8072,0.8072,0.8072,0.8072,0.8072,0.8072,0.8072,0.8072,0.8072,0.8072,0.8072,0.8072,0.8072,0.9569,0.9569,0.8833,0.8833,0.9569,0.9569,0.9569,0.9569,0.9569,0.8072,0.8072
Educational_Services,0.0398,0.0398,0.0398,0.0398,0.0398,0.0398,0.0398,0.0398,0.0398,0.0398,0.0398,0.0398,0.0398,0.0398,0.0398,0.0398,0.0398,0.0398,0.0398,0.0398,0.0398,0.0398,0.0398,0.0398,0.0398,0.0398,0.0398,0.0398,0.0398,0.0398,0.0398,0.0398,0.0398,0.0398,0.0398,0.0398,0.0398,0.0398,0.0398,0.0398,0.0398,0.0398,0.0398,0.0398,0.0398,0.0398,0.0398,0.0398,0.0398,0.0398,0.0398,0.0398,0.0398,0.0398,0.0398,0.1153,0.1153,0.0243,0.0243,0.1153,0.1153,0.1153,0.1153,0.1153,0.0398,0.0398
Ambulatory_Health_Care_Services,0.2757,0.2757,0.2757,0.2757,0.2757,0.2757,0.2757,0.2757,0.2757,0.2757,0.2757,0.2757,0.2757,0.2757,0.2757,0.2757,0.2757,0.2757,0.2757,0.2757,0.2757,0.2757,0.2757,0.2757,0.2757,0.2757,0.2757,0.2757,0.2757,0.2757,0.2757,0.2757,0.2757,0.2757,0.2757,0.2757,0.2757,0.2757,0.2757,0.2757,0.2757,0.2757,0.2757,0.2757,0.2757,0.2757,0.2757,0.2757,0.2757,0.2757,0.2757,0.2757,0.2757,0.2757,0.2757,0.5769,0.5769,0.214,0.214,0.5769,0.5769,0.5769,0.5769,0.5769,0.2757,0.2757
Hospitals,0.1541,0.1541,0.1541,0.1541,0.1541,0.1541,0.1541,0.1541,0.1541,0.1541,0.1541,0.1541,0.1541,0.1541,0.1541,0.1541,0.1541,0.1541,0.1541,0.1541,0.1541,0.1541,0.1541,0.1541,0.1541,0.1541,0.1541,0.1541,0.1541,0.1541,0.1541,0.1541,0.1541,0.1541,0.1541,0.1541,0.1541,0.1541,0.1541,0.1541,0.1541,0.1541,0.1541,0.1541,0.1541,0.1541,0.1541,0.1541,0.1541,0.1541,0.1541,0.1541,0.1541,0.1541,0.1541,0.2322,0.2322,0.0618,0.0618,0.2322,0.2322,0.2322,0.2322,0.2322,0.1541,0.1541
Nursing_and_Residential_Care_Facilities,0.1818,0.1818,0.1818,0.1818,0.1818,0.1818,0.1818,0.1818,0.1818,0.1818,0.1818,0.1818,0.1818,0.1818,0.1818,0.1818,0.1818,0.1818,0.1818,0.1818,0.1818,0.1818,0.1818,0.1818,0.1818,0.1818,0.1818,0.1818,0.1818,0.1818,0.1818,0.1818,0.1818,0.1818,0.1818,0.1818,0.1818,0.1818,0.1818,0.1818,0.1818,0.1818,0.1818,0.1818,0.1818,0.1818,0.1818,0.1818,0.1818,0.1818,0.1818,0.1818,0.1818,0.1818,0.1818,0.2511,0.2511,0.0866,0.0866,0.2511,0.2511,0.2511,0.2511,0.2511,0.1818,0.1818
Social_Assistance,0.0691,0.0691,0.0691,0.0691,0.0691,0.0691,0.0691,0.0691,0.0691,0.0691,0.0691,0.0691,0.0691,0.0691,0.0691,0.0691,0.0691,0.0691,0.0691,0.0691,0.0691,0.0691,0.0691,0.0691,0.0691,0.0691,0.0691,0.0691,0.0691,0.0691,0.0691,0.0691,0.0691,0.0691,0.0691,0.0691,0.0691,0.0691,0.0691,0.0691,0.0691,0.0691,0.0691,0.0691,0.0691,0.0691,0.0691,0.0691,0.0691,0.0691,0.0691,0.0691,0.0691,0.0691,0.0691,0.2361,0.2361,0.0553,0.0553,0.2361,0.2361,0.2361,0.2361,0.2361,0.0691,0.0691
"Performing_Arts,_Spectator_Sports,_Museums,_and_Related_Activities",0.3367,0.3367,0.3367,0.3367,0.3367,0.3367,0.3367,0.3367,0.3367,0.3367,0.3367,0.3367,0.3367,0.3367,0.3367,0.3367,0.3367,0.3367,0.3367,0.3367,0.3367,0.3367,0.3367,0.3367,0.3367,0.3367,0.3367,0.3367,0.3367,0.3367,0.3367,0.3367,0.3367,0.3367,0.3367,0.3367,0.3367,0.3367,0.3367,0.3367,0.3367,0.3367,0.3367,0.3367,0.3367,0.3367,0.3367,0.3367,0.3367,0.3367,0.3367,0.3367,0.3367,0.3367,0.3367,0.4241,0.4241,0.2069,0.2069,0,0,0,0,0,0.3367,0.3367
"Amusement,_Gambling,_and_Recreation_Services",0.4145,0.4145,0.4145,0.4145,0.4145,0.4145,0.4145,0.4145,0.4145,0.4145,0.4145,0.4145,0.4145,0.4145,0.4145,0.4145,0.4145,0.4145,0.4145,0.4145,0.4145,0.4145,0.4145,0.4145,0.4145,0.4145,0.4145,0.4145,0.4145,0.4145,0.4145,0.4145,0.4145,0.4145,0.4145,0.4145,0.4145,0.4145,0.4145,0.4145,0.4145,0.4145,0.4145,0.4145,0.4145,0.4145,0.4145,0.4145,0.4145,0.4145,0.4145,0.4145,0.4145,0.4145,0.4145,0.5812,0.5812,0.2526,0.2526,0.5812,0.5812,0.5812,0.5812,0.5812,0.4145,0.4145
Accomodation,0.5569,0.5569,0.5569,0.5569,0.5569,0.5569,0.5569,0.5569,0.5569,0.5569,0.5569,0.5569,0.5569,0.5569,0.5569,0.5569,0.5569,0.5569,0.5569,0.5569,0.5569,0.5569,0.5569,0.5569,0.5569,0.5569,0.5569,0.5569,0.5569,0.5569,0.5569,0.5569,0.5569,0.5569,0.5569,0.5569,0.5569,0.5569,0.5569,0.5569,0.5569,0.5569,0.5569,0.5569,0.5569,0.5569,0.5569,0.5569,0.5569,0.5569,0.5569,0.5569,0.5569,0.5569,0.5569,0.9041,0.9041,0.698,0.698,0.9041,0.9041,0.9041,0.9041,0.9041,0.5569,0.5569
Food_Services_and_Drinking_Places,0.5079,0.5079,0.5079,0.5079,0.5079,0.5079,0.5079,0.5079,0.5079,0.5079,0.5079,0.5079,0.5079,0.5079,0.5079,0.5079,0.5079,0.5079,0.5079,0.5079,0.5079,0.5079,0.5079,0.5079,0.5079,0.5079,0.5079,0.5079,0.5079,0.5079,0.5079,0.5079,0.5079,0.5079,0.5079,0.5079,0.5079,0.5079,0.5079,0.5079,0.5079,0.5079,0.5079,0.5079,0.5079,0.5079,0.5079,0.5079,0.5079,0.5079,0.5079,0.5079,0.5079,0.5079,0.5079,0.7992,0.7992,0.688,0.688,0.7992,0.7992,0.7992,0.7992,0.7992,0.5079,0.5079
Other_Services_(Except_Public_Administration),0.1179,0.1179,0.1179,0.1179,0.1179,0.1179,0.1179,0.1179,0.1179,0.1179,0.1179,0.1179,0.1179,0.1179,0.1179,0.1179,0.1179,0.1179,0.1179,0.1179,0.1179,0.1179,0.1179,0.1179,0.1179,0.1179,0.1179,0.1179,0.1179,0.1179,0.1179,0.1179,0.1179,0.1179,0.1179,0.1179,0.1179,0.1179,0.1179,0.1179,0.1179,0.1179,0.1179,0.1179,0.1179,0.1179,0.1179,0.1179,0.1179,0.1179,0.1179,0.1179,0.1179,0.1179,0.1179,0.3063,0.3063,0.0837,0.0837,0.3063,0.3063,0.3063,0.3063,0.3063,0.1179,0.1179
